{
    "additive": {
        "mean_rho": 0.6972114799784762,
        "std_rho": 0.20573201670981883
    },
    "interaction": {
        "mean_rho": 0.4989422997862411,
        "std_rho": 0.2669914582357532
    }
}