{
    "regression": {
        "r2": 0.21604180324576572,
        "params": {
            "const": 0.21510728669951087,
            "interaction_mass": 1.194467854859301,
            "dimensionality": 0.00020154742532359462,
            "redundancy": -0.1572766737579695
        },
        "pvalues": {
            "const": 0.000350849395626984,
            "interaction_mass": 1.174048586245551e-13,
            "dimensionality": 0.09239788924017941,
            "redundancy": 0.02176656470592956
        },
        "tvalues": {
            "const": 3.605712516556392,
            "interaction_mass": 7.688911979251674,
            "dimensionality": 1.6869429027370237,
            "redundancy": -2.3034793268171567
        }
    },
    "monotonicity": {
        "Q1": 0.5344044041362849,
        "Q2": 0.5958121707113638,
        "Q3": 0.7703224644809556,
        "Q4": 0.9428547352000383
    },
    "n_samples": 402
}